{"cameraMode":{"drawMode":0,"name":"Shaded","section":"Shading Mode"},"sceneLighting":true,"audioPlay":false,"sceneViewState":{"showFog":true,"showMaterialUpdate":false,"showSkybox":true,"showFlares":true,"showImageEffects":true,"showParticleSystems":true},"in2DMode":false,"pivot":{"x":0.009374992921948433,"y":0.00937500037252903,"z":0.009374992921948433},"rotation":{"x":0.27588436007499697,"y":0.7146196961402893,"z":-0.38053688406944277,"w":0.51809161901474},"size":0.10284052789211273,"orthographic":false}